"Year",China,Britain,Italy,Japan
"1000-01-01",1389.74,757.00,1430.73,499.78
"1001-01-01",1396.59,756.70,1431.32,499.91
"1002-01-01",1403.47,756.40,1431.91,500.04
"1003-01-01",1410.39,756.09,1432.51,500.17
"1004-01-01",1417.34,755.79,1433.10,500.30
"1005-01-01",1424.33,755.49,1433.69,500.43
"1006-01-01",1431.35,755.19,1434.29,500.56
"1007-01-01",1438.40,754.89,1434.88,500.69
"1008-01-01",1445.49,754.59,1435.48,500.82
"1009-01-01",1452.61,754.29,1436.07,500.95
"1010-01-01",1459.77,753.99,1436.66,501.08
"1011-01-01",1466.97,753.69,1437.26,501.21
"1012-01-01",1474.20,753.39,1437.85,501.34
"1013-01-01",1481.46,753.08,1438.45,501.47
"1014-01-01",1488.76,752.78,1439.05,501.60
"1015-01-01",1496.10,752.48,1439.64,501.73
"1016-01-01",1503.47,752.18,1440.24,501.86
"1017-01-01",1510.88,751.88,1440.83,501.99
"1018-01-01",1518.33,751.58,1441.43,502.12
"1019-01-01",1525.81,751.28,1442.03,502.26
"1020-01-01",1533.33,750.98,1442.63,502.39
"1021-01-01",1531.27,750.69,1443.22,502.52
"1022-01-01",1529.22,750.39,1443.82,502.65
"1023-01-01",1527.16,750.09,1444.42,502.78
"1024-01-01",1525.11,749.79,1445.02,502.91
"1025-01-01",1523.06,749.49,1445.61,503.04
"1026-01-01",1521.02,749.19,1446.21,503.17
"1027-01-01",1518.97,748.89,1446.81,503.30
"1028-01-01",1516.93,748.59,1447.41,503.43
"1029-01-01",1514.89,748.29,1448.01,503.56
"1030-01-01",1512.86,747.99,1448.61,503.70
"1031-01-01",1510.83,747.70,1449.21,503.83
"1032-01-01",1508.80,747.40,1449.81,503.96
"1033-01-01",1506.77,747.10,1450.41,504.09
"1034-01-01",1504.75,746.80,1451.01,504.22
"1035-01-01",1502.72,746.50,1451.61,504.35
"1036-01-01",1500.71,746.21,1452.21,504.48
"1037-01-01",1498.69,745.91,1452.82,504.61
"1038-01-01",1496.68,745.61,1453.42,504.75
"1039-01-01",1494.67,745.31,1454.02,504.88
"1040-01-01",1492.66,745.02,1454.62,505.01
"1041-01-01",1490.65,744.72,1455.22,505.14
"1042-01-01",1488.65,744.42,1455.83,505.27
"1043-01-01",1486.65,744.13,1456.43,505.40
"1044-01-01",1484.65,743.83,1457.03,505.53
"1045-01-01",1482.66,743.53,1457.64,505.67
"1046-01-01",1480.67,743.24,1458.24,505.80
"1047-01-01",1478.68,742.94,1458.84,505.93
"1048-01-01",1476.69,742.64,1459.45,506.06
"1049-01-01",1474.71,742.35,1460.05,506.19
"1050-01-01",1472.73,742.05,1460.66,506.32
"1051-01-01",1464.92,741.76,1461.26,506.46
"1052-01-01",1457.15,741.46,1461.87,506.59
"1053-01-01",1449.42,741.16,1462.47,506.72
"1054-01-01",1441.74,740.87,1463.08,506.85
"1055-01-01",1434.09,740.57,1463.68,506.98
"1056-01-01",1426.48,740.28,1464.29,507.12
"1057-01-01",1418.92,739.98,1464.90,507.25
"1058-01-01",1411.40,739.69,1465.50,507.38
"1059-01-01",1403.91,739.39,1466.11,507.51
"1060-01-01",1396.47,739.10,1466.72,507.64
"1061-01-01",1389.06,738.80,1467.32,507.78
"1062-01-01",1381.69,738.51,1467.93,507.91
"1063-01-01",1374.37,738.21,1468.54,508.04
"1064-01-01",1367.08,737.92,1469.15,508.17
"1065-01-01",1359.83,737.62,1469.76,508.30
"1066-01-01",1352.62,737.33,1470.36,508.44
"1067-01-01",1345.45,737.04,1470.97,508.57
"1068-01-01",1338.31,736.74,1471.58,508.70
"1069-01-01",1331.21,736.45,1472.19,508.83
"1070-01-01",1324.15,736.15,1472.80,508.97
"1071-01-01",1317.13,735.86,1473.41,509.10
"1072-01-01",1310.15,735.57,1474.02,509.23
"1073-01-01",1303.20,735.27,1474.63,509.36
"1074-01-01",1296.29,734.98,1475.24,509.50
"1075-01-01",1289.41,734.69,1475.85,509.63
"1076-01-01",1282.58,734.39,1476.46,509.76
"1077-01-01",1275.77,734.10,1477.08,509.89
"1078-01-01",1269.01,733.81,1477.69,510.03
"1079-01-01",1262.28,733.52,1478.30,510.16
"1080-01-01",1255.59,733.22,1478.91,510.29
"1081-01-01",1248.93,732.93,1479.52,510.43
"1082-01-01",1242.30,732.64,1480.14,510.56
"1083-01-01",1235.72,732.35,1480.75,510.69
"1084-01-01",1229.16,732.06,1481.36,510.82
"1085-01-01",1222.65,731.76,1481.98,510.96
"1086-01-01",1216.16,731.47,1482.59,511.09
"1087-01-01",1211.71,731.18,1483.20,511.22
"1088-01-01",1207.28,730.89,1483.82,511.36
"1089-01-01",1202.87,730.60,1484.43,511.49
"1090-01-01",1198.47,730.31,1485.05,511.62
"1091-01-01",1194.09,730.01,1485.66,511.76
"1092-01-01",1189.72,729.72,1486.28,511.89
"1093-01-01",1185.37,729.43,1486.89,512.02
"1094-01-01",1181.04,729.14,1487.51,512.16
"1095-01-01",1176.72,728.85,1488.13,512.29
"1096-01-01",1172.42,728.56,1488.74,512.42
"1097-01-01",1168.13,728.27,1489.36,512.56
"1098-01-01",1163.86,727.98,1489.97,512.69
"1099-01-01",1159.60,727.69,1490.59,512.82
"1100-01-01",1155.36,727.40,1491.21,512.96
"1101-01-01",1151.14,727.11,1491.83,513.09
"1102-01-01",1146.93,726.82,1492.44,513.22
"1103-01-01",1142.73,726.53,1493.06,513.36
"1104-01-01",1138.55,726.24,1493.68,513.49
"1105-01-01",1134.39,725.95,1494.30,513.62
"1106-01-01",1130.24,725.66,1494.92,513.76
"1107-01-01",1126.11,725.37,1495.54,513.89
"1108-01-01",1121.99,725.08,1496.16,514.02
"1109-01-01",1117.89,724.79,1496.78,514.16
"1110-01-01",1113.80,724.50,1497.40,514.29
"1111-01-01",1109.73,724.21,1498.02,514.43
"1112-01-01",1105.67,723.92,1498.64,514.56
"1113-01-01",1101.63,723.64,1499.26,514.69
"1114-01-01",1097.60,723.35,1499.88,514.83
"1115-01-01",1093.59,723.06,1500.50,514.96
"1116-01-01",1089.59,722.77,1501.12,515.10
"1117-01-01",1085.60,722.48,1501.74,515.23
"1118-01-01",1081.63,722.19,1502.36,515.36
"1119-01-01",1077.68,721.91,1502.99,515.50
"1120-01-01",1073.74,721.62,1503.61,515.63
"1121-01-01",1073.35,721.33,1504.23,515.77
"1122-01-01",1072.96,721.04,1504.85,515.90
"1123-01-01",1072.57,720.75,1505.48,516.04
"1124-01-01",1072.18,720.47,1506.10,516.17
"1125-01-01",1071.79,720.18,1506.72,516.30
"1126-01-01",1071.39,719.89,1507.35,516.44
"1127-01-01",1071.01,719.61,1507.97,516.57
"1128-01-01",1070.62,719.32,1508.60,516.71
"1129-01-01",1070.23,719.03,1509.22,516.84
"1130-01-01",1069.84,718.74,1509.85,516.98
"1131-01-01",1069.45,718.46,1510.47,517.11
"1132-01-01",1069.06,718.17,1511.10,517.25
"1133-01-01",1068.67,717.89,1511.72,517.38
"1134-01-01",1068.28,717.60,1512.35,517.51
"1135-01-01",1067.89,717.31,1512.98,517.65
"1136-01-01",1067.50,717.03,1513.60,517.78
"1137-01-01",1067.11,716.74,1514.23,517.92
"1138-01-01",1066.73,716.45,1514.86,518.05
"1139-01-01",1066.34,716.17,1515.48,518.19
"1140-01-01",1065.95,715.88,1516.11,518.32
"1141-01-01",1065.56,715.60,1516.74,518.46
"1142-01-01",1065.17,715.31,1517.37,518.59
"1143-01-01",1064.79,715.03,1518.00,518.73
"1144-01-01",1064.40,714.74,1518.62,518.86
"1145-01-01",1064.01,714.46,1519.25,519.00
"1146-01-01",1063.62,714.17,1519.88,519.13
"1147-01-01",1063.24,713.89,1520.51,519.27
"1148-01-01",1062.85,713.60,1521.14,519.40
"1149-01-01",1062.46,713.32,1521.77,519.54
"1150-01-01",1062.08,713.03,1522.40,519.67
"1151-01-01",1061.69,712.75,1523.03,519.73
"1152-01-01",1061.30,712.46,1523.66,519.78
"1153-01-01",1060.92,712.18,1524.29,519.84
"1154-01-01",1060.53,711.90,1524.92,519.89
"1155-01-01",1060.15,711.61,1525.56,519.94
"1156-01-01",1059.76,711.33,1526.19,520.00
"1157-01-01",1059.37,711.05,1526.82,520.05
"1158-01-01",1058.99,710.76,1527.45,520.10
"1159-01-01",1058.60,710.48,1528.08,520.16
"1160-01-01",1058.22,710.19,1528.72,520.21
"1161-01-01",1057.83,709.91,1529.35,520.26
"1162-01-01",1057.45,709.63,1529.98,520.32
"1163-01-01",1057.06,709.35,1530.62,520.37
"1164-01-01",1056.68,709.06,1531.25,520.43
"1165-01-01",1056.29,708.78,1531.89,520.48
"1166-01-01",1055.91,708.50,1532.52,520.53
"1167-01-01",1055.52,708.21,1533.15,520.59
"1168-01-01",1055.14,707.93,1533.79,520.64
"1169-01-01",1054.76,707.65,1534.42,520.69
"1170-01-01",1054.37,707.37,1535.06,520.75
"1171-01-01",1053.99,707.09,1535.70,520.80
"1172-01-01",1053.61,706.80,1536.33,520.86
"1173-01-01",1053.22,706.52,1536.97,520.91
"1174-01-01",1052.84,706.24,1537.60,520.96
"1175-01-01",1052.46,705.96,1538.24,521.02
"1176-01-01",1052.07,705.68,1538.88,521.07
"1177-01-01",1051.69,705.40,1539.52,521.12
"1178-01-01",1051.31,705.11,1540.15,521.18
"1179-01-01",1050.92,704.83,1540.79,521.23
"1180-01-01",1050.54,704.55,1541.43,521.29
"1181-01-01",1050.16,704.27,1542.07,521.34
"1182-01-01",1049.78,703.99,1542.71,521.39
"1183-01-01",1049.40,703.71,1543.34,521.45
"1184-01-01",1049.01,703.43,1543.98,521.50
"1185-01-01",1048.63,703.15,1544.62,521.56
"1186-01-01",1048.25,702.87,1545.26,521.61
"1187-01-01",1047.87,702.59,1545.90,521.66
"1188-01-01",1047.49,702.31,1546.54,521.72
"1189-01-01",1047.11,702.03,1547.18,521.77
"1190-01-01",1046.72,701.75,1547.82,521.82
"1191-01-01",1046.34,701.47,1548.47,521.88
"1192-01-01",1045.96,701.19,1549.11,521.93
"1193-01-01",1045.58,700.91,1549.75,521.99
"1194-01-01",1045.20,700.63,1550.39,522.04
"1195-01-01",1044.82,700.35,1551.03,522.09
"1196-01-01",1044.44,700.07,1551.67,522.15
"1197-01-01",1044.06,699.79,1552.32,522.20
"1198-01-01",1043.68,699.51,1552.96,522.26
"1199-01-01",1043.30,699.23,1553.60,522.31
"1200-01-01",1042.92,698.95,1554.25,522.36
"1201-01-01",1042.54,698.67,1554.89,522.42
"1202-01-01",1042.16,698.40,1555.53,522.47
"1203-01-01",1041.78,698.12,1556.18,522.53
"1204-01-01",1041.40,697.84,1556.82,522.58
"1205-01-01",1041.03,697.56,1557.47,522.63
"1206-01-01",1040.65,697.28,1558.11,522.69
"1207-01-01",1040.27,697.00,1558.76,522.74
"1208-01-01",1039.89,696.73,1559.40,522.80
"1209-01-01",1039.51,696.45,1560.05,522.85
"1210-01-01",1039.13,696.17,1560.69,522.90
"1211-01-01",1038.75,695.89,1561.34,522.96
"1212-01-01",1038.38,695.62,1561.99,523.01
"1213-01-01",1038.00,695.34,1562.63,523.07
"1214-01-01",1037.62,695.06,1563.28,523.12
"1215-01-01",1037.24,694.78,1563.93,523.17
"1216-01-01",1036.87,694.51,1564.58,523.23
"1217-01-01",1036.49,694.23,1565.22,523.28
"1218-01-01",1036.11,693.95,1565.87,523.34
"1219-01-01",1035.73,693.68,1566.52,523.39
"1220-01-01",1035.36,693.40,1567.17,523.44
"1221-01-01",1034.98,693.12,1567.82,523.50
"1222-01-01",1034.60,692.85,1568.47,523.55
"1223-01-01",1034.23,692.57,1569.12,523.61
"1224-01-01",1033.85,692.29,1569.77,523.66
"1225-01-01",1033.47,692.02,1570.42,523.71
"1226-01-01",1033.10,691.74,1571.07,523.77
"1227-01-01",1032.72,691.47,1571.72,523.82
"1228-01-01",1032.35,691.19,1572.37,523.88
"1229-01-01",1031.97,690.91,1573.02,523.93
"1230-01-01",1031.60,690.64,1573.67,523.98
"1231-01-01",1031.22,690.36,1574.32,524.04
"1232-01-01",1030.84,690.09,1574.98,524.09
"1233-01-01",1030.47,689.81,1575.63,524.15
"1234-01-01",1030.09,689.54,1576.28,524.20
"1235-01-01",1029.72,689.26,1576.93,524.26
"1236-01-01",1029.34,688.99,1577.59,524.31
"1237-01-01",1028.97,688.71,1578.24,524.36
"1238-01-01",1028.60,688.44,1578.89,524.42
"1239-01-01",1028.22,688.16,1579.55,524.47
"1240-01-01",1027.85,687.89,1580.20,524.53
"1241-01-01",1027.47,687.61,1580.85,524.58
"1242-01-01",1027.10,687.34,1581.51,524.63
"1243-01-01",1026.73,687.07,1582.16,524.69
"1244-01-01",1026.35,686.79,1582.82,524.74
"1245-01-01",1025.98,686.52,1583.48,524.80
"1246-01-01",1025.61,686.24,1584.13,524.85
"1247-01-01",1025.23,685.97,1584.79,524.91
"1248-01-01",1024.86,685.70,1585.44,524.96
"1249-01-01",1024.49,685.42,1586.10,525.01
"1250-01-01",1024.11,685.15,1586.76,525.07
"1251-01-01",1023.74,684.88,1587.41,525.12
"1252-01-01",1023.37,684.60,1588.07,525.18
"1253-01-01",1023.00,684.33,1588.73,525.23
"1254-01-01",1022.62,684.06,1589.39,525.28
"1255-01-01",1022.25,683.79,1590.04,525.34
"1256-01-01",1021.88,683.51,1590.70,525.39
"1257-01-01",1021.51,683.24,1591.36,525.45
"1258-01-01",1021.14,682.97,1592.02,525.50
"1259-01-01",1020.76,682.69,1592.68,525.56
"1260-01-01",1020.39,682.42,1593.34,525.61
"1261-01-01",1020.02,682.15,1594.00,525.66
"1262-01-01",1019.65,681.88,1594.66,525.72
"1263-01-01",1019.28,681.61,1595.32,525.77
"1264-01-01",1018.91,681.33,1595.98,525.83
"1265-01-01",1018.54,681.06,1596.64,525.88
"1266-01-01",1018.17,680.79,1597.30,525.94
"1267-01-01",1017.80,680.52,1597.96,525.99
"1268-01-01",1017.43,680.25,1598.63,526.04
"1269-01-01",1017.05,679.98,1599.29,526.10
"1270-01-01",1016.68,679.71,1599.95,526.15
"1271-01-01",1016.31,679.43,1600.61,526.21
"1272-01-01",1015.94,679.16,1601.28,526.26
"1273-01-01",1015.58,678.89,1601.94,526.32
"1274-01-01",1015.21,678.62,1602.60,526.37
"1275-01-01",1014.84,678.35,1603.27,526.42
"1276-01-01",1014.47,678.08,1603.93,526.48
"1277-01-01",1014.10,677.81,1604.59,526.53
"1278-01-01",1013.73,677.54,1605.26,526.59
"1279-01-01",1013.36,677.27,1605.92,526.64
"1280-01-01",1012.99,677.00,1606.59,526.70
"1281-01-01",1012.62,680.11,1607.25,526.70
"1282-01-01",1012.25,683.24,1607.92,526.70
"1283-01-01",1011.89,686.37,1608.59,526.70
"1284-01-01",1011.52,689.53,1609.25,526.70
"1285-01-01",1011.15,692.70,1609.92,526.70
"1286-01-01",1010.78,695.88,1610.58,526.70
"1287-01-01",1010.41,699.08,1611.25,526.70
"1288-01-01",1010.05,702.29,1611.92,526.70
"1289-01-01",1009.68,705.51,1612.59,526.70
"1290-01-01",1009.31,708.76,1613.25,526.70
"1291-01-01",1008.94,712.01,1613.92,526.70
"1292-01-01",1008.58,715.28,1614.59,526.70
"1293-01-01",1008.21,718.57,1615.26,526.70
"1294-01-01",1007.84,721.87,1615.93,526.70
"1295-01-01",1007.48,725.19,1616.60,526.70
"1296-01-01",1007.11,728.52,1617.27,526.70
"1297-01-01",1006.74,731.87,1617.94,526.70
"1298-01-01",1006.38,735.23,1618.61,526.70
"1299-01-01",1006.01,738.61,1619.28,526.70
"1300-01-01",1005.64,742.00,1619.95,526.70
"1301-01-01",1005.28,742.89,1617.70,526.70
"1302-01-01",1004.91,743.78,1615.45,526.70
"1303-01-01",1004.55,744.68,1613.21,526.70
"1304-01-01",1004.18,745.57,1610.97,526.70
"1305-01-01",1003.81,746.47,1608.73,526.70
"1306-01-01",1003.45,747.36,1606.50,526.70
"1307-01-01",1003.08,748.26,1604.27,526.70
"1308-01-01",1002.72,749.16,1602.04,526.70
"1309-01-01",1002.35,750.06,1599.82,526.70
"1310-01-01",1001.99,750.96,1597.60,526.70
"1311-01-01",1001.62,751.86,1595.38,526.70
"1312-01-01",1001.26,752.76,1593.16,526.70
"1313-01-01",1000.90,753.67,1590.95,526.70
"1314-01-01",1000.53,754.57,1588.74,526.70
"1315-01-01",1000.17,755.48,1586.54,526.70
"1316-01-01",999.80,756.39,1584.33,526.70
"1317-01-01",999.44,757.29,1582.13,526.70
"1318-01-01",999.08,758.20,1579.94,526.70
"1319-01-01",998.71,759.11,1577.74,526.70
"1320-01-01",998.35,760.03,1575.55,526.70
"1321-01-01",997.99,760.94,1573.36,526.70
"1322-01-01",997.62,761.85,1571.18,526.70
"1323-01-01",997.26,762.77,1569.00,526.70
"1324-01-01",996.90,763.68,1566.82,526.70
"1325-01-01",996.53,764.60,1564.64,526.70
"1326-01-01",996.17,765.52,1562.47,526.70
"1327-01-01",995.81,766.44,1560.30,526.70
"1328-01-01",995.45,767.36,1558.14,526.70
"1329-01-01",995.08,768.28,1555.97,526.70
"1330-01-01",994.72,769.20,1553.81,526.70
"1331-01-01",994.36,770.13,1551.66,526.70
"1332-01-01",994.00,771.05,1549.50,526.70
"1333-01-01",993.64,771.98,1547.35,526.70
"1334-01-01",993.27,772.90,1545.20,526.70
"1335-01-01",992.91,773.83,1543.06,526.70
"1336-01-01",992.55,774.76,1540.91,526.70
"1337-01-01",992.19,775.69,1538.77,526.70
"1338-01-01",991.83,776.62,1536.64,526.70
"1339-01-01",991.47,777.56,1534.50,526.70
"1340-01-01",991.11,778.49,1532.37,526.70
"1341-01-01",990.75,779.42,1530.25,526.70
"1342-01-01",990.39,780.36,1528.12,526.70
"1343-01-01",990.03,781.30,1526.00,526.70
"1344-01-01",989.67,782.24,1523.88,526.70
"1345-01-01",989.31,783.18,1521.76,526.70
"1346-01-01",988.95,784.12,1519.65,526.70
"1347-01-01",988.59,785.06,1517.54,526.70
"1348-01-01",988.23,786.00,1515.43,526.70
"1349-01-01",987.87,791.08,1519.64,526.70
"1350-01-01",987.51,796.20,1523.87,526.70
"1351-01-01",987.15,801.35,1528.10,526.70
"1352-01-01",986.79,806.53,1532.34,526.70
"1353-01-01",986.43,811.75,1536.60,526.70
"1354-01-01",986.07,817.00,1540.87,526.70
"1355-01-01",985.71,822.28,1545.15,526.70
"1356-01-01",985.35,827.60,1549.44,526.70
"1357-01-01",984.99,832.95,1553.75,526.70
"1358-01-01",984.64,838.34,1558.06,526.70
"1359-01-01",984.28,843.76,1562.39,526.70
"1360-01-01",983.92,849.21,1566.73,526.70
"1361-01-01",983.56,854.71,1571.08,526.70
"1362-01-01",983.20,860.23,1575.45,526.70
"1363-01-01",982.84,865.80,1579.82,526.70
"1364-01-01",982.49,871.39,1584.21,526.70
"1365-01-01",982.13,877.03,1588.61,526.70
"1366-01-01",981.77,882.70,1593.03,526.70
"1367-01-01",981.41,888.41,1597.45,526.70
"1368-01-01",981.06,894.16,1601.89,526.70
"1369-01-01",980.70,899.94,1606.34,526.70
"1370-01-01",980.34,905.76,1610.80,526.70
"1371-01-01",979.99,911.62,1615.27,526.70
"1372-01-01",979.63,917.51,1619.76,526.70
"1373-01-01",979.27,923.44,1624.26,526.70
"1374-01-01",978.92,929.42,1628.77,526.70
"1375-01-01",978.56,935.43,1633.30,526.70
"1376-01-01",978.21,941.48,1637.83,526.70
"1377-01-01",977.85,947.56,1642.38,526.70
"1378-01-01",977.49,953.69,1646.95,526.70
"1379-01-01",977.14,959.86,1651.52,526.70
"1380-01-01",976.78,966.07,1656.11,526.70
"1381-01-01",976.43,972.31,1660.71,526.70
"1382-01-01",976.07,978.60,1665.32,526.70
"1383-01-01",975.72,984.93,1669.95,526.70
"1384-01-01",975.36,991.30,1674.59,526.70
"1385-01-01",975.01,997.71,1679.24,526.70
"1386-01-01",974.65,1004.16,1683.91,526.70
"1387-01-01",974.30,1010.66,1688.58,526.70
"1388-01-01",973.94,1017.19,1693.27,526.70
"1389-01-01",973.59,1023.77,1697.98,526.70
"1390-01-01",973.23,1030.39,1702.69,526.70
"1391-01-01",972.88,1037.06,1707.42,526.70
"1392-01-01",972.52,1043.76,1712.17,526.70
"1393-01-01",972.17,1050.51,1716.92,526.70
"1394-01-01",971.82,1057.31,1721.69,526.70
"1395-01-01",971.46,1064.14,1726.48,526.70
"1396-01-01",971.11,1071.02,1731.27,526.70
"1397-01-01",970.76,1077.95,1736.08,526.70
"1398-01-01",970.40,1084.92,1740.90,526.70
"1399-01-01",970.05,1091.94,1745.74,526.70
"1400-01-01",969.70,1099.00,1750.59,526.70
"1401-01-01",970.16,1098.54,1748.26,526.70
"1402-01-01",970.62,1098.07,1745.94,526.70
"1403-01-01",971.08,1097.61,1743.63,526.70
"1404-01-01",971.54,1097.14,1741.31,526.70
"1405-01-01",972.00,1096.68,1739.00,526.70
"1406-01-01",972.46,1096.21,1736.69,526.70
"1407-01-01",972.92,1095.75,1734.39,526.70
"1408-01-01",973.38,1095.29,1732.09,526.70
"1409-01-01",973.84,1094.82,1729.79,526.70
"1410-01-01",974.30,1094.36,1727.49,526.70
"1411-01-01",974.76,1093.90,1725.20,526.70
"1412-01-01",975.22,1093.44,1722.91,526.70
"1413-01-01",975.68,1092.97,1720.62,526.70
"1414-01-01",976.15,1092.51,1718.34,526.70
"1415-01-01",976.61,1092.05,1716.06,526.70
"1416-01-01",977.07,1091.59,1713.78,526.70
"1417-01-01",977.53,1091.13,1711.50,526.70
"1418-01-01",978.00,1090.66,1709.23,526.70
"1419-01-01",978.46,1090.20,1706.96,526.70
"1420-01-01",978.92,1089.74,1704.70,526.70
"1421-01-01",979.39,1089.28,1702.43,526.70
"1422-01-01",979.85,1088.82,1700.18,526.70
"1423-01-01",980.32,1088.36,1697.92,526.70
"1424-01-01",980.78,1087.90,1695.66,526.70
"1425-01-01",981.24,1087.44,1693.41,526.70
"1426-01-01",981.71,1086.98,1691.17,526.70
"1427-01-01",982.17,1086.52,1688.92,526.70
"1428-01-01",982.64,1086.06,1686.68,526.70
"1429-01-01",983.10,1085.60,1684.44,526.70
"1430-01-01",983.57,1085.14,1682.21,526.70
"1431-01-01",984.04,1084.68,1679.97,526.70
"1432-01-01",984.50,1084.22,1677.74,526.70
"1433-01-01",984.97,1083.77,1675.52,526.70
"1434-01-01",985.44,1083.31,1673.29,526.70
"1435-01-01",985.90,1082.85,1671.07,526.70
"1436-01-01",986.37,1082.39,1668.85,526.70
"1437-01-01",986.84,1081.93,1666.64,526.70
"1438-01-01",987.30,1081.48,1664.43,526.70
"1439-01-01",987.77,1081.02,1662.22,526.70
"1440-01-01",988.24,1080.56,1660.01,526.70
"1441-01-01",988.71,1080.10,1657.81,526.70
"1442-01-01",989.18,1079.65,1655.61,526.70
"1443-01-01",989.64,1079.19,1653.41,526.70
"1444-01-01",990.11,1078.73,1651.21,526.70
"1445-01-01",990.58,1078.28,1649.02,526.70
"1446-01-01",991.05,1077.82,1646.83,526.70
"1447-01-01",991.52,1077.37,1644.65,526.70
"1448-01-01",991.99,1076.91,1642.46,526.70
"1449-01-01",992.46,1076.46,1640.28,526.70
"1450-01-01",992.93,1076.00,1638.11,526.70
"1451-01-01",995.65,1076.20,1635.93,527.00
"1452-01-01",998.37,1076.40,1633.76,527.30
"1453-01-01",1001.11,1076.60,1631.59,527.60
"1454-01-01",1003.85,1076.80,1629.43,527.90
"1455-01-01",1006.60,1077.00,1627.26,528.20
"1456-01-01",1009.35,1077.20,1625.10,528.51
"1457-01-01",1012.12,1077.39,1622.95,528.81
"1458-01-01",1014.89,1077.59,1620.79,529.11
"1459-01-01",1017.67,1077.79,1618.64,529.41
"1460-01-01",1020.45,1077.99,1616.49,529.72
"1461-01-01",1023.25,1078.19,1614.35,530.02
"1462-01-01",1026.05,1078.39,1612.21,530.32
"1463-01-01",1028.86,1078.59,1610.07,530.63
"1464-01-01",1031.67,1078.79,1607.93,530.93
"1465-01-01",1034.50,1078.99,1605.79,531.23
"1466-01-01",1037.33,1079.19,1603.66,531.54
"1467-01-01",1040.17,1079.39,1601.53,531.84
"1468-01-01",1043.02,1079.59,1599.41,532.14
"1469-01-01",1045.87,1079.79,1597.29,532.45
"1470-01-01",1048.74,1079.99,1595.17,532.75
"1471-01-01",1051.61,1080.19,1593.05,533.06
"1472-01-01",1054.49,1080.39,1590.93,533.36
"1473-01-01",1057.37,1080.59,1588.82,533.67
"1474-01-01",1060.27,1080.79,1586.71,533.97
"1475-01-01",1063.17,1080.99,1584.61,534.28
"1476-01-01",1066.08,1081.19,1582.50,534.58
"1477-01-01",1069.00,1081.39,1580.40,534.89
"1478-01-01",1071.93,1081.59,1578.31,535.19
"1479-01-01",1074.86,1081.79,1576.21,535.50
"1480-01-01",1077.81,1081.99,1574.12,535.81
"1481-01-01",1080.76,1082.19,1572.03,536.11
"1482-01-01",1083.72,1082.39,1569.94,536.42
"1483-01-01",1086.68,1082.59,1567.86,536.73
"1484-01-01",1089.66,1082.79,1565.78,537.03
"1485-01-01",1092.64,1082.99,1563.70,537.34
"1486-01-01",1095.63,1083.19,1561.62,537.65
"1487-01-01",1098.63,1083.39,1559.55,537.95
"1488-01-01",1101.64,1083.59,1557.48,538.26
"1489-01-01",1104.66,1083.79,1555.41,538.57
"1490-01-01",1107.68,1083.99,1553.35,538.88
"1491-01-01",1110.71,1084.19,1551.29,539.19
"1492-01-01",1113.75,1084.39,1549.23,539.49
"1493-01-01",1116.80,1084.59,1547.17,539.80
"1494-01-01",1119.86,1084.80,1545.12,540.11
"1495-01-01",1122.93,1085.00,1543.07,540.42
"1496-01-01",1126.00,1085.20,1541.02,540.73
"1497-01-01",1129.08,1085.40,1538.97,541.04
"1498-01-01",1132.18,1085.60,1536.93,541.35
"1499-01-01",1135.28,1085.80,1534.89,541.66
"1500-01-01",1138.38,1086.00,1532.85,541.97
"1501-01-01",1135.91,1085.43,1531.77,542.28
"1502-01-01",1133.45,1084.87,1530.69,542.59
"1503-01-01",1130.99,1084.30,1529.61,542.90
"1504-01-01",1128.53,1083.73,1528.52,543.21
"1505-01-01",1126.08,1083.17,1527.44,543.52
"1506-01-01",1123.64,1082.60,1526.36,543.83
"1507-01-01",1121.20,1082.04,1525.28,544.14
"1508-01-01",1118.77,1081.47,1524.21,544.45
"1509-01-01",1116.34,1080.91,1523.13,544.76
"1510-01-01",1113.92,1080.34,1522.05,545.07
"1511-01-01",1111.50,1079.78,1520.98,545.39
"1512-01-01",1109.09,1079.21,1519.90,545.70
"1513-01-01",1106.68,1078.65,1518.83,546.01
"1514-01-01",1104.28,1078.09,1517.75,546.32
"1515-01-01",1101.88,1077.52,1516.68,546.63
"1516-01-01",1099.49,1076.96,1515.61,546.95
"1517-01-01",1097.11,1076.40,1514.54,547.26
"1518-01-01",1094.72,1075.84,1513.47,547.57
"1519-01-01",1092.35,1075.27,1512.40,547.89
"1520-01-01",1089.98,1074.71,1511.33,548.20
"1521-01-01",1087.61,1074.15,1510.26,548.51
"1522-01-01",1085.25,1073.59,1509.19,548.83
"1523-01-01",1082.90,1073.03,1508.12,549.14
"1524-01-01",1080.55,1072.47,1507.06,549.45
"1525-01-01",1078.20,1071.91,1505.99,549.77
"1526-01-01",1075.86,1071.35,1504.93,550.08
"1527-01-01",1073.53,1070.79,1503.86,550.40
"1528-01-01",1071.20,1070.23,1502.80,550.71
"1529-01-01",1068.87,1069.67,1501.74,551.03
"1530-01-01",1066.55,1069.11,1500.68,551.34
"1531-01-01",1064.24,1068.55,1499.62,551.66
"1532-01-01",1061.93,1068.00,1498.56,551.97
"1533-01-01",1059.62,1067.44,1497.50,552.29
"1534-01-01",1057.32,1066.88,1496.44,552.60
"1535-01-01",1055.03,1066.32,1495.38,552.92
"1536-01-01",1052.74,1065.77,1494.32,553.24
"1537-01-01",1050.45,1065.21,1493.27,553.55
"1538-01-01",1048.17,1064.65,1492.21,553.87
"1539-01-01",1045.90,1064.10,1491.16,554.18
"1540-01-01",1043.63,1063.54,1490.10,554.50
"1541-01-01",1041.37,1062.99,1489.05,554.82
"1542-01-01",1039.11,1062.43,1488.00,555.14
"1543-01-01",1036.85,1061.88,1486.94,555.45
"1544-01-01",1034.60,1061.32,1485.89,555.77
"1545-01-01",1032.35,1060.77,1484.84,556.09
"1546-01-01",1030.11,1060.21,1483.79,556.41
"1547-01-01",1027.88,1059.66,1482.74,556.72
"1548-01-01",1025.65,1059.11,1481.70,557.04
"1549-01-01",1023.42,1058.55,1480.65,557.36
"1550-01-01",1021.20,1058.00,1479.60,557.68
"1551-01-01",1018.98,1060.59,1478.56,558.00
"1552-01-01",1016.77,1063.18,1477.51,558.32
"1553-01-01",1014.57,1065.79,1476.47,558.64
"1554-01-01",1012.36,1068.39,1475.42,558.96
"1555-01-01",1010.17,1071.01,1474.38,559.28
"1556-01-01",1007.98,1073.63,1473.34,559.60
"1557-01-01",1005.79,1076.26,1472.30,559.92
"1558-01-01",1003.60,1078.89,1471.26,560.24
"1559-01-01",1001.43,1081.53,1470.22,560.56
"1560-01-01",999.25,1084.18,1469.18,560.88
"1561-01-01",997.08,1086.83,1468.14,561.20
"1562-01-01",994.92,1089.49,1467.10,561.52
"1563-01-01",992.76,1092.15,1466.06,561.84
"1564-01-01",990.61,1094.83,1465.03,562.16
"1565-01-01",988.46,1097.51,1463.99,562.48
"1566-01-01",986.31,1100.19,1462.96,562.80
"1567-01-01",984.17,1102.88,1461.92,563.13
"1568-01-01",982.04,1105.58,1460.89,563.45
"1569-01-01",979.90,1108.29,1459.86,563.77
"1570-01-01",977.78,1111.00,1458.82,564.09
"1571-01-01",978.08,1110.02,1455.52,564.41
"1572-01-01",978.38,1109.04,1452.23,564.74
"1573-01-01",978.68,1108.07,1448.95,565.06
"1574-01-01",978.99,1107.09,1445.67,565.38
"1575-01-01",979.29,1106.11,1442.40,565.71
"1576-01-01",979.59,1105.14,1439.14,566.03
"1577-01-01",979.89,1104.16,1435.88,566.35
"1578-01-01",980.19,1103.19,1432.64,566.68
"1579-01-01",980.50,1102.22,1429.40,567.00
"1580-01-01",980.80,1101.25,1426.16,567.33
"1581-01-01",981.10,1100.28,1422.94,567.65
"1582-01-01",981.40,1099.31,1419.72,567.97
"1583-01-01",981.71,1098.34,1416.51,568.30
"1584-01-01",982.01,1097.37,1413.31,568.62
"1585-01-01",982.31,1096.40,1410.11,568.95
"1586-01-01",982.62,1095.44,1406.92,569.27
"1587-01-01",982.92,1094.47,1403.74,569.60
"1588-01-01",983.22,1093.51,1400.56,569.93
"1589-01-01",983.53,1092.54,1397.39,570.25
"1590-01-01",983.83,1091.58,1394.23,570.58
"1591-01-01",984.13,1090.62,1391.08,570.90
"1592-01-01",984.44,1089.66,1387.93,571.23
"1593-01-01",984.74,1088.70,1384.80,571.56
"1594-01-01",985.04,1087.74,1381.66,571.88
"1595-01-01",985.35,1086.78,1378.54,572.21
"1596-01-01",985.65,1085.82,1375.42,572.54
"1597-01-01",985.96,1084.87,1372.31,572.87
"1598-01-01",986.26,1083.91,1369.21,573.19
"1599-01-01",986.56,1082.95,1366.11,573.52
"1600-01-01",986.87,1082.00,1363.02,573.85
"1601-01-01",985.39,1081.75,1363.71,573.54
"1602-01-01",983.91,1081.50,1364.40,573.24
"1603-01-01",982.44,1081.24,1365.09,572.93
"1604-01-01",980.97,1080.99,1365.78,572.63
"1605-01-01",979.50,1080.74,1366.46,572.33
"1606-01-01",978.03,1080.49,1367.15,572.02
"1607-01-01",976.57,1080.24,1367.84,571.72
"1608-01-01",975.11,1079.99,1368.54,571.41
"1609-01-01",973.64,1079.73,1369.23,571.11
"1610-01-01",972.19,1079.48,1369.92,570.81
"1611-01-01",970.73,1079.23,1370.61,570.50
"1612-01-01",969.28,1078.98,1371.30,570.20
"1613-01-01",967.82,1078.73,1371.99,569.90
"1614-01-01",966.37,1078.48,1372.69,569.59
"1615-01-01",964.93,1078.23,1373.38,569.29
"1616-01-01",963.48,1077.98,1374.07,568.99
"1617-01-01",962.04,1077.72,1374.77,568.69
"1618-01-01",960.60,1077.47,1375.46,568.39
"1619-01-01",959.16,1077.22,1376.16,568.08
"1620-01-01",957.72,1076.97,1376.85,567.78
"1621-01-01",956.29,1076.72,1377.55,567.48
"1622-01-01",954.86,1076.47,1378.24,567.18
"1623-01-01",953.43,1076.22,1378.94,566.88
"1624-01-01",952.00,1075.97,1379.63,566.58
"1625-01-01",950.57,1075.72,1380.33,566.27
"1626-01-01",949.15,1075.47,1381.03,565.97
"1627-01-01",947.73,1075.22,1381.72,565.67
"1628-01-01",946.31,1074.97,1382.42,565.37
"1629-01-01",944.89,1074.72,1383.12,565.07
"1630-01-01",943.47,1074.47,1383.82,564.77
"1631-01-01",942.06,1074.22,1384.52,564.47
"1632-01-01",940.65,1073.97,1385.21,564.17
"1633-01-01",939.24,1073.72,1385.91,563.87
"1634-01-01",937.83,1073.47,1386.61,563.57
"1635-01-01",936.43,1073.22,1387.31,563.27
"1636-01-01",935.03,1072.97,1388.01,562.97
"1637-01-01",933.63,1072.72,1388.72,562.67
"1638-01-01",932.23,1072.47,1389.42,562.38
"1639-01-01",930.83,1072.22,1390.12,562.08
"1640-01-01",929.44,1071.97,1390.82,561.78
"1641-01-01",928.04,1071.72,1391.52,561.48
"1642-01-01",926.65,1071.47,1392.22,561.18
"1643-01-01",925.27,1071.22,1392.93,560.88
"1644-01-01",923.88,1070.97,1393.63,560.58
"1645-01-01",922.50,1070.72,1394.33,560.29
"1646-01-01",921.12,1070.47,1395.04,559.99
"1647-01-01",919.74,1070.22,1395.74,559.69
"1648-01-01",918.36,1069.97,1396.45,559.39
"1649-01-01",916.98,1069.72,1397.15,559.10
"1650-01-01",915.61,1069.47,1397.86,558.80
"1651-01-01",914.24,1076.92,1399.38,560.12
"1652-01-01",912.87,1084.42,1400.91,561.45
"1653-01-01",911.50,1091.97,1402.44,562.78
"1654-01-01",910.14,1099.57,1403.97,564.12
"1655-01-01",908.77,1107.23,1405.51,565.45
"1656-01-01",907.41,1114.94,1407.04,566.80
"1657-01-01",906.05,1122.70,1408.58,568.14
"1658-01-01",904.70,1130.52,1410.11,569.49
"1659-01-01",903.34,1138.39,1411.65,570.84
"1660-01-01",901.99,1146.32,1413.19,572.19
"1661-01-01",900.64,1154.30,1414.74,573.54
"1662-01-01",899.29,1162.33,1416.28,574.90
"1663-01-01",897.94,1170.43,1417.83,576.27
"1664-01-01",896.59,1178.58,1419.38,577.63
"1665-01-01",895.25,1186.78,1420.93,579.00
"1666-01-01",893.91,1195.05,1422.48,580.37
"1667-01-01",892.57,1203.37,1424.03,581.75
"1668-01-01",891.24,1211.74,1425.58,583.13
"1669-01-01",889.90,1220.18,1427.14,584.51
"1670-01-01",888.57,1228.68,1428.70,585.90
"1671-01-01",887.24,1237.23,1430.26,587.29
"1672-01-01",885.91,1245.85,1431.82,588.68
"1673-01-01",884.58,1254.52,1433.38,590.07
"1674-01-01",883.26,1263.26,1434.95,591.47
"1675-01-01",881.93,1272.05,1436.52,592.87
"1676-01-01",880.61,1280.91,1438.08,594.28
"1677-01-01",879.29,1289.83,1439.65,595.69
"1678-01-01",877.98,1298.81,1441.23,597.10
"1679-01-01",876.66,1307.85,1442.80,598.52
"1680-01-01",875.35,1316.96,1444.37,599.93
"1681-01-01",874.04,1326.13,1445.95,601.36
"1682-01-01",872.73,1335.36,1447.53,602.78
"1683-01-01",871.42,1344.66,1449.11,604.21
"1684-01-01",870.11,1354.02,1450.69,605.64
"1685-01-01",868.81,1363.45,1452.28,607.08
"1686-01-01",867.51,1372.94,1453.86,608.52
"1687-01-01",866.21,1382.50,1455.45,609.96
"1688-01-01",864.91,1392.13,1457.04,611.41
"1689-01-01",863.62,1401.82,1458.63,612.86
"1690-01-01",862.32,1411.58,1460.22,614.31
"1691-01-01",861.03,1421.41,1461.82,615.76
"1692-01-01",859.74,1431.30,1463.41,617.22
"1693-01-01",858.46,1441.27,1465.01,618.69
"1694-01-01",857.17,1451.31,1466.61,620.15
"1695-01-01",855.89,1461.41,1468.21,621.62
"1696-01-01",854.60,1471.59,1469.81,623.10
"1697-01-01",853.32,1481.83,1471.42,624.57
"1698-01-01",852.05,1492.15,1473.02,626.05
"1699-01-01",850.77,1502.54,1474.63,627.54
"1700-01-01",849.49,1513.00,1476.24,629.03
"1701-01-01",846.02,1638.64,1477.35,628.39
"1702-01-01",842.55,1585.12,1478.47,627.75
"1703-01-01",839.10,1470.85,1479.58,627.12
"1704-01-01",835.67,1742.58,1480.69,626.48
"1705-01-01",832.24,1650.10,1481.81,625.84
"1706-01-01",828.84,1392.80,1482.92,625.21
"1707-01-01",825.44,1559.10,1484.04,624.58
"1708-01-01",822.06,1653.81,1485.16,623.94
"1709-01-01",818.69,1429.47,1486.28,623.31
"1710-01-01",815.34,1295.90,1487.39,622.68
"1711-01-01",812.00,1414.57,1488.51,622.05
"1712-01-01",808.68,1415.98,1489.64,621.42
"1713-01-01",805.37,1352.86,1490.76,620.79
"1714-01-01",802.07,1482.76,1491.88,620.16
"1715-01-01",798.78,1439.50,1493.00,619.53
"1716-01-01",795.51,1484.89,1494.13,618.90
"1717-01-01",792.25,1557.96,1495.25,618.27
"1718-01-01",789.01,1634.84,1496.38,617.65
"1719-01-01",785.78,1595.27,1497.50,617.02
"1720-01-01",782.56,1702.69,1498.63,616.40
"1721-01-01",779.36,1638.08,1499.76,615.77
"1722-01-01",776.17,1653.98,1500.89,615.15
"1723-01-01",772.99,1608.21,1502.02,614.52
"1724-01-01",769.82,1586.51,1503.15,613.90
"1725-01-01",766.67,1621.85,1504.28,613.28
"1726-01-01",763.53,1558.48,1505.41,612.66
"1727-01-01",760.40,1539.94,1506.55,612.04
"1728-01-01",757.29,1602.39,1507.68,611.42
"1729-01-01",754.19,1537.98,1508.82,610.80
"1730-01-01",751.10,1592.56,1509.95,610.18
"1731-01-01",748.02,1568.43,1511.09,609.56
"1732-01-01",744.96,1665.33,1512.23,608.94
"1733-01-01",741.91,1693.24,1513.37,608.32
"1734-01-01",738.87,1669.79,1514.51,607.71
"1735-01-01",735.85,1615.67,1515.65,607.09
"1736-01-01",732.83,1722.03,1516.79,606.48
"1737-01-01",729.83,1619.93,1517.93,605.86
"1738-01-01",726.84,1642.65,1519.07,605.25
"1739-01-01",723.87,1621.30,1520.22,604.63
"1740-01-01",720.90,1585.41,1521.36,604.02
"1741-01-01",717.95,1627.83,1522.51,603.41
"1742-01-01",715.01,1682.74,1523.65,602.80
"1743-01-01",712.08,1643.70,1524.80,602.19
"1744-01-01",709.17,1609.56,1525.95,601.58
"1745-01-01",706.26,1616.58,1527.10,600.97
"1746-01-01",703.37,1657.23,1528.25,600.36
"1747-01-01",700.49,1725.00,1529.40,599.75
"1748-01-01",697.62,1702.54,1530.55,599.14
"1749-01-01",694.76,1681.67,1531.70,598.53
"1750-01-01",691.92,1694.66,1532.85,597.93
"1751-01-01",690.02,1647.84,1529.26,598.76
"1752-01-01",688.12,1718.30,1525.67,599.59
"1753-01-01",686.23,1721.13,1522.09,600.43
"1754-01-01",684.35,1661.30,1518.52,601.27
"1755-01-01",682.47,1700.16,1514.96,602.11
"1756-01-01",680.60,1658.27,1511.41,602.95
"1757-01-01",678.73,1746.54,1507.86,603.79
"1758-01-01",676.86,1766.48,1504.32,604.63
"1759-01-01",675.00,1788.24,1500.79,605.47
"1760-01-01",673.15,1829.40,1497.27,606.32
"1761-01-01",671.30,1889.27,1493.76,607.16
"1762-01-01",669.46,1829.92,1490.26,608.01
"1763-01-01",667.62,1828.11,1486.76,608.85
"1764-01-01",665.79,1818.53,1483.27,609.70
"1765-01-01",663.96,1789.98,1479.79,610.55
"1766-01-01",662.13,1805.85,1476.32,611.41
"1767-01-01",660.32,1814.02,1472.86,612.26
"1768-01-01",658.50,1826.15,1469.40,613.11
"1769-01-01",656.69,1916.96,1465.96,613.97
"1770-01-01",654.89,1851.84,1462.52,614.82
"1771-01-01",653.09,1874.81,1459.09,615.68
"1772-01-01",651.30,1813.49,1455.66,616.54
"1773-01-01",649.51,1831.82,1452.25,617.40
"1774-01-01",647.73,1778.40,1448.84,618.26
"1775-01-01",645.95,1816.34,1445.44,619.12
"1776-01-01",644.17,1857.74,1442.05,619.98
"1777-01-01",642.40,1893.33,1438.67,620.85
"1778-01-01",640.64,1860.84,1435.30,621.71
"1779-01-01",638.88,1838.77,1431.93,622.58
"1780-01-01",637.13,1912.73,1428.57,623.45
"1781-01-01",635.38,1945.92,1425.22,624.32
"1782-01-01",633.63,1912.06,1421.88,625.19
"1783-01-01",631.89,1898.63,1418.54,626.06
"1784-01-01",630.16,1888.30,1415.21,626.93
"1785-01-01",628.43,1857.79,1411.89,627.81
"1786-01-01",626.70,1870.43,1408.58,628.68
"1787-01-01",624.98,1818.00,1405.28,629.56
"1788-01-01",623.26,1795.48,1401.98,630.44
"1789-01-01",621.55,1811.59,1398.69,631.32
"1790-01-01",619.84,1927.11,1395.41,632.20
"1791-01-01",618.14,1911.38,1392.14,633.08
"1792-01-01",616.44,1965.61,1388.87,633.96
"1793-01-01",614.75,1913.71,1385.61,634.84
"1794-01-01",613.06,1835.53,1382.36,635.73
"1795-01-01",611.38,2012.06,1379.12,636.61
"1796-01-01",609.70,2027.90,1375.89,637.50
"1797-01-01",608.03,1987.07,1372.66,638.39
"1798-01-01",606.36,1983.31,1369.44,639.28
"1799-01-01",604.69,2011.82,1366.23,640.17
"1800-01-01",603.03,2097.02,1363.02,641.07
"1801-01-01",602.97,2101.53,1345.60,641.84
"1802-01-01",602.91,2108.05,1389.15,642.62
"1803-01-01",602.85,2039.95,1428.34,643.40
"1804-01-01",602.79,2009.99,1489.31,644.19
"1805-01-01",602.73,2100.50,1441.40,644.97
"1806-01-01",602.67,2062.17,1476.24,645.75
"1807-01-01",602.61,2166.86,1480.60,646.54
"1808-01-01",602.54,2038.88,1563.34,647.32
"1809-01-01",602.48,2075.63,1572.05,648.11
"1810-01-01",602.42,2181.73,1450.11,648.90
"1811-01-01",602.36,2130.91,1402.21,649.69
"1812-01-01",602.30,2012.17,1432.70,650.48
"1813-01-01",602.24,2088.21,1471.89,651.27
"1814-01-01",602.18,2010.19,1489.31,652.06
"1815-01-01",602.12,2188.83,1423.99,652.85
"1816-01-01",602.06,2039.49,1402.21,653.64
"1817-01-01",602.00,2041.29,1415.28,654.44
"1818-01-01",601.94,2008.32,1524.14,655.23
"1819-01-01",601.88,1946.97,1511.08,656.03
"1820-01-01",601.82,2073.85,1511.08,656.83
"1821-01-01",601.76,2074.97,1484.95,657.62
"1822-01-01",601.70,2080.18,1502.37,658.42
"1823-01-01",601.63,2107.50,1515.43,659.22
"1824-01-01",601.57,2190.73,1554.63,660.02
"1825-01-01",601.51,2209.43,1532.85,660.83
"1826-01-01",601.45,2063.91,1576.40,661.63
"1827-01-01",601.39,2194.69,1550.27,662.43
"1828-01-01",601.33,2170.64,1532.85,663.24
"1829-01-01",601.27,2159.53,1528.50,664.04
"1830-01-01",601.21,2227.31,1506.73,664.85
"1831-01-01",601.15,2224.17,1558.98,665.66
"1832-01-01",601.09,2266.33,1572.05,666.47
"1833-01-01",601.03,2258.11,1580.76,667.28
"1834-01-01",600.97,2283.29,1593.82,668.09
"1835-01-01",600.91,2422.15,1637.37,668.90
"1836-01-01",600.85,2470.17,1519.79,669.71
"1837-01-01",600.79,2419.71,1480.60,670.53
"1838-01-01",600.73,2485.58,1502.37,671.34
"1839-01-01",600.67,2435.12,1489.31,672.16
"1840-01-01",600.60,2521.02,1537.21,672.97
"1841-01-01",600.54,2443.11,1567.69,673.79
"1842-01-01",600.48,2389.36,1580.76,674.61
"1843-01-01",600.42,2477.80,1502.37,675.43
"1844-01-01",600.36,2663.36,1502.37,676.25
"1845-01-01",600.30,2752.13,1515.43,677.07
"1846-01-01",600.24,2719.35,1502.37,677.89
"1847-01-01",600.18,2656.44,1467.53,678.72
"1848-01-01",600.12,2735.72,1506.73,679.54
"1849-01-01",600.06,2774.20,1498.02,680.37
"1850-01-01",600.00,2330.00,1480.60,681.19
"1851-01-01",596.29,2450.81,1480.60,683.90
"1852-01-01",592.60,2480.43,1458.82,686.61
"1853-01-01",588.94,2555.45,1428.34,689.34
"1854-01-01",585.30,2602.49,1332.54,692.08
"1855-01-01",581.68,2570.78,1345.60,694.83
"1856-01-01",578.08,2729.64,1349.96,697.58
"1857-01-01",574.51,2757.29,1458.82,700.35
"1858-01-01",570.95,2742.31,1515.43,703.13
"1859-01-01",567.42,2790.09,1467.53,705.93
"1860-01-01",563.91,2830.24,1458.82,708.73
"1861-01-01",560.43,2884.06,1450.11,711.54
"1862-01-01",556.96,2880.17,1468.95,714.37
"1863-01-01",553.52,2880.66,1504.24,717.20
"1864-01-01",550.10,2935.46,1506.40,720.05
"1865-01-01",546.69,3000.96,1597.14,722.91
"1866-01-01",543.31,3023.06,1594.48,725.78
"1867-01-01",539.95,2968.24,1456.04,728.66
"1868-01-01",536.62,3036.63,1485.63,731.55
"1869-01-01",533.30,3030.78,1504.64,734.46
"1870-01-01",530.00,3190.43,1541.75,737.38
"1871-01-01",530.52,3331.88,1507.55,742.01
"1872-01-01",531.04,3319.17,1473.97,746.01
"1873-01-01",531.56,3364.70,1466.21,751.01
"1874-01-01",532.08,3386.44,1542.33,756.18
"1875-01-01",532.60,3433.67,1550.12,809.85
"1876-01-01",533.12,3430.16,1512.23,784.56
"1877-01-01",533.64,3425.20,1521.93,802.65
"1878-01-01",534.16,3402.50,1559.98,793.75
"1879-01-01",534.69,3352.51,1564.48,835.41
"1880-01-01",535.21,3477.32,1588.91,863.40
"1881-01-01",535.73,3568.43,1636.91,829.30
"1882-01-01",536.26,3643.04,1656.96,844.18
"1883-01-01",536.78,3643.31,1672.11,837.21
"1884-01-01",537.31,3621.65,1646.78,835.70
"1885-01-01",537.83,3573.68,1671.10,860.12
"1886-01-01",538.36,3600.02,1707.58,916.45
"1887-01-01",538.89,3713.15,1750.84,951.53
"1888-01-01",539.41,3849.10,1741.75,899.59
"1889-01-01",539.94,4023.77,1688.68,932.67
"1890-01-01",540.47,4008.79,1689.66,1011.94
"1891-01-01",540.96,3975.17,1712.29,956.44
"1892-01-01",541.45,3846.32,1714.22,1012.69
"1893-01-01",541.94,3810.74,1741.10,1008.36
"1894-01-01",542.43,4028.89,1750.85,1119.42
"1895-01-01",542.92,4117.70,1765.03,1123.46
"1896-01-01",543.41,4248.56,1791.42,1051.12
"1897-01-01",543.91,4263.51,1794.40,1061.95
"1898-01-01",544.40,4427.72,1787.22,1248.88
"1899-01-01",544.89,4566.95,1807.07,1143.14
"1900-01-01",545.39,4491.81,1854.69,1179.51
"1901-01-01",545.91,4450.40,1885.21,1206.46
"1902-01-01",546.44,4525.28,1915.14,1128.90
"1903-01-01",546.97,4439.62,1932.49,1192.63
"1904-01-01",547.50,4427.94,1966.44,1188.09
"1905-01-01",548.03,4520.48,2006.75,1156.75
"1906-01-01",548.56,4631.09,2074.71,1297.21
"1907-01-01",549.10,4678.58,2111.64,1325.15
"1908-01-01",549.63,4449.19,2156.21,1318.44
"1909-01-01",550.16,4510.52,2173.42,1300.54
"1910-01-01",550.69,4610.78,2175.52,1303.76
"1911-01-01",551.23,4708.90,2199.16,1355.58
"1912-01-01",551.76,4761.75,2201.38,1384.08
"1913-01-01",552.30,4920.55,2304.79,1386.69
"1914-01-01",552.93,4926.58,2179.16,1326.50
"1915-01-01",553.56,5288.27,2069.69,1429.72
"1916-01-01",554.20,5384.38,2240.26,1629.72
"1917-01-01",554.83,5421.02,2247.15,1665.06
"1918-01-01",555.46,5459.31,2190.67,1668.41
"1919-01-01",556.10,4870.41,2102.74,1827.21
"1920-01-01",556.74,4547.91,2152.78,1695.75
"1921-01-01",557.37,4439.15,2079.50,1859.50
"1922-01-01",558.01,4636.94,2231.23,1831.12
"1923-01-01",558.65,4759.71,2413.78,1809.35
"1924-01-01",559.29,4920.94,2456.98,1836.32
"1925-01-01",559.93,5144.49,2602.34,1885.16
"1926-01-01",560.57,4936.11,2600.23,1871.58
"1927-01-01",561.21,5314.94,2530.70,1869.77
"1928-01-01",561.85,5356.97,2666.20,1992.37
"1929-01-01",562.50,5503.32,2777.99,2025.73
"1930-01-01",567.62,5440.86,2630.98,1850.39
"1931-01-01",569.16,5138.42,2578.90,1837.34
"1932-01-01",582.91,5148.25,2615.17,1961.58
"1933-01-01",578.61,5277.46,2565.06,2122.44
"1934-01-01",525.41,5607.51,2538.05,2098.34
"1935-01-01",564.83,5799.01,2654.11,2120.47
"1936-01-01",597.36,6035.17,2540.30,2244.42
"1937-01-01",579.75,6217.62,2772.27,2315.12
"1938-01-01",562.31,6266.45,2830.12,2449.27
"1939-01-01",551.76,6262.40,2980.82,2816.06
"1940-01-01",541.41,6856.00,2897.09,2874.29
"1941-01-01",531.26,7481.68,2822.26,2872.70
"1942-01-01",521.29,7638.87,2648.29,2818.22
"1943-01-01",511.52,7743.70,2233.86,2821.62
"1944-01-01",501.92,7405.39,1797.19,2658.97
"1945-01-01",492.51,7056.13,1608.63,1346.13
"1946-01-01",483.27,6745.34,2161.68,1444.22
"1947-01-01",474.21,6604.41,2555.55,1540.94
"1948-01-01",465.31,6745.64,2735.26,1725.29
"1949-01-01",456.59,6955.69,2948.37,1799.83
"1950-01-01",448.02,6939.37,3171.70,1920.72
"1951-01-01",491.02,7123.36,3450.71,2125.61
"1952-01-01",537.61,7090.72,3590.60,2336.42
"1953-01-01",552.18,7345.80,3829.82,2474.34
"1954-01-01",556.94,7619.21,3947.21,2581.87
"1955-01-01",576.53,7868.13,4189.74,2770.75
"1956-01-01",616.11,7928.75,4368.01,2947.87
"1957-01-01",635.99,8017.01,4590.97,3135.87
"1958-01-01",690.37,7965.81,4822.88,3288.90
"1959-01-01",686.39,8239.80,5130.81,3553.94
"1960-01-01",662.14,8645.23,5456.19,3986.43
"1961-01-01",552.89,8856.67,5852.67,4426.28
"1962-01-01",550.44,8865.38,6203.01,4776.52
"1963-01-01",590.29,9149.18,6531.86,5128.64
"1964-01-01",644.82,9567.97,6727.94,5667.69
"1965-01-01",701.59,9751.54,6963.94,5933.75
"1966-01-01",746.32,9885.31,7366.02,6505.53
"1967-01-01",706.92,10048.89,7872.31,7152.29
"1968-01-01",674.91,10409.95,8382.41,7983.31
"1969-01-01",712.97,10551.68,8879.37,8874.09
"1970-01-01",778.35,10767.47,9366.60,9713.95
"1971-01-01",794.96,10941.47,9489.25,10040.32
"1972-01-01",798.33,11293.92,9795.13,10733.60
"1973-01-01",838.39,12025.28,10413.55,11433.80
"1974-01-01",835.15,11858.90,10913.88,11144.52
"1975-01-01",871.18,11847.09,10618.98,11343.78
"1976-01-01",852.67,12114.95,11307.66,11668.97
"1977-01-01",893.63,12383.61,11541.92,12063.85
"1978-01-01",977.95,12827.83,11869.49,12584.88
"1979-01-01",1039.41,13167.28,12532.29,13163.10
"1980-01-01",1061.05,12931.49,12927.02,13427.73
"1981-01-01",1110.19,12747.43,13018.32,13754.45
"1982-01-01",1186.05,12954.65,13064.01,14078.37
"1983-01-01",1257.74,13404.47,13208.60,14306.87
"1984-01-01",1395.86,13720.06,13634.09,14772.59
"1985-01-01",1519.15,14164.55,14009.77,15331.25
"1986-01-01",1597.01,14741.82,14408.11,15679.38
"1987-01-01",1737.05,15393.44,14867.92,16251.29
"1988-01-01",1830.04,16110.00,15484.70,17184.64
"1989-01-01",1834.19,16413.72,15996.88,17942.51
"1990-01-01",1870.93,16429.91,16313.13,18789.07
"1991-01-01",1967.18,16155.29,16562.95,19347.10
"1992-01-01",2132.18,16133.49,16634.01,19440.30
"1993-01-01",2311.82,16458.30,16440.84,19417.44
"1994-01-01",2514.66,17117.94,16761.74,19536.82
"1995-01-01",2863.48,17585.53,17216.60,19871.71
"1996-01-01",2891.99,18044.00,17378.12,20343.36
"1997-01-01",3013.35,19115.07,17675.65,20617.44
"1998-01-01",2993.19,19724.09,17908.54,20154.49
"1999-01-01",3162.23,20269.48,18140.52,20070.40
"2000-01-01",3420.87,21045.72,18761.37,20480.95
"2001-01-01",3758.93,21567.35,19062.44,20499.91
"2002-01-01",4197.15,22008.01,19100.47,20516.85
"2003-01-01",4802.84,22762.77,19006.71,20833.00
"2004-01-01",5168.71,23306.56,19210.52,21301.18
"2005-01-01",5575.37,23810.43,19283.73,21575.02
"2006-01-01",6047.56,24285.28,19629.61,21938.17
"2007-01-01",6303.02,25002.12,19841.54,22410.07
"2008-01-01",6724.78,24602.13,19460.50,22175.12
"2009-01-01",7308.20,23489.36,18278.63,20963.20
"2010-01-01",8031.94,23777.16,18520.43,21934.90
"2011-01-01",8750.51,24110.82,18545.45,21854.04
"2012-01-01",9380.89,24260.14,17950.74,22252.48
"2013-01-01",10057.56,24647.92,17573.52,22574.78
"2014-01-01",10743.74,25212.93,17457.04,22594.26
"2015-01-01",11433.48,25661.19,17539.87,22733.94